{"cameraMode":{"drawMode":0,"name":"Shaded","section":"Shading Mode"},"sceneLighting":true,"audioPlay":false,"sceneViewState":{"showFog":true,"showMaterialUpdate":false,"showSkybox":true,"showFlares":true,"showImageEffects":true,"showParticleSystems":true},"in2DMode":false,"pivot":{"x":-0.7697992324829102,"y":6.877740383148193,"z":-3.1415328979492189},"rotation":{"x":0.0075309062376618389,"y":0.976852536201477,"z":0.0348799042403698,"w":-0.21096664667129517},"size":24.776159286499025,"orthographic":false}